{
	"Gate Swap" : [],
	"Ref Des" : [],
	"Pin Swap" : [],
	"Component Property" : [],
	"Net Property" : [],
	"Pin Property" : [],
	"Component" : [],
	"Net" : [
		{
			"Name" : "N58115",
			"C_PATH" : "@\\stabilizator_ers_\\.schematic1(sch_1):n58115",
			"Logical" : null,
			"Physical" : "N58115"
		},
		{
			"Name" : "N58023",
			"C_PATH" : "@\\stabilizator_ers_\\.schematic1(sch_1):n58023",
			"Logical" : null,
			"Physical" : "N58023"
		},
		{
			"Name" : "VOUT",
			"C_PATH" : "@\\stabilizator_ers_\\.schematic1(sch_1):vout",
			"Logical" : "VOUT",
			"Physical" : null
		},
		{
			"Name" : "VIN",
			"C_PATH" : "@\\stabilizator_ers_\\.schematic1(sch_1):vin",
			"Logical" : "VIN",
			"Physical" : null
		}
	],
	"Connection" : [
		{
			"Name" : "D12.3",
			"C_PATH" : "@\\stabilizator_ers_\\.schematic1(sch_1):ins86816@\\stabilizator_ers_\\.\\bzx84-c5v1_2.normal\\(chips):C",
			"Logical" : "VIN",
			"Physical" : "N58023"
		},
		{
			"Name" : "J1.2",
			"C_PATH" : "@\\stabilizator_ers_\\.schematic1(sch_1):ins79086@connector.\\con2.normal\\(chips):\\2\\",
			"Logical" : "VIN",
			"Physical" : "N58023"
		},
		{
			"Name" : "J2.2",
			"C_PATH" : "@\\stabilizator_ers_\\.schematic1(sch_1):ins79763@connector.\\con2.normal\\(chips):\\2\\",
			"Logical" : "VOUT",
			"Physical" : "N58115"
		},
		{
			"Name" : "Q20.2",
			"C_PATH" : "@\\stabilizator_ers_\\.schematic1(sch_1):ins58379@\\stabilizator_ers_\\.\\qbc856b_0.normal\\(chips):E",
			"Logical" : "VIN",
			"Physical" : "N58023"
		},
		{
			"Name" : "Q23.2",
			"C_PATH" : "@\\stabilizator_ers_\\.schematic1(sch_1):ins58143@\\stabilizator_ers_\\.\\qbc846b_0.normal\\(chips):E",
			"Logical" : "VOUT",
			"Physical" : "N58115"
		},
		{
			"Name" : "Q32.1",
			"C_PATH" : "@\\stabilizator_ers_\\.schematic1(sch_1):ins86534@mjd32cg.\\qmjd32ct4g.normal\\(chips):E",
			"Logical" : "VIN",
			"Physical" : "N58023"
		},
		{
			"Name" : "R16.2",
			"C_PATH" : "@\\stabilizator_ers_\\.schematic1(sch_1):ins58305@analog.\\r.normal\\(chips):\\2\\",
			"Logical" : "VOUT",
			"Physical" : "N58115"
		},
		{
			"Name" : "R2.2",
			"C_PATH" : "@\\stabilizator_ers_\\.schematic1(sch_1):ins58169@analog.\\r.normal\\(chips):\\2\\",
			"Logical" : "VIN",
			"Physical" : "N58023"
		},
		{
			"Name" : "R22.1",
			"C_PATH" : "@\\stabilizator_ers_\\.schematic1(sch_1):ins58509@analog.\\r.normal\\(chips):\\1\\",
			"Logical" : "VOUT",
			"Physical" : "N58115"
		},
		{
			"Name" : "R31.2",
			"C_PATH" : "@\\stabilizator_ers_\\.schematic1(sch_1):ins57985@analog.\\r.normal\\(chips):\\2\\",
			"Logical" : "VOUT",
			"Physical" : "N58115"
		},
		{
			"Name" : "R40.2",
			"C_PATH" : "@\\stabilizator_ers_\\.schematic1(sch_1):ins69663@analog.\\r.normal\\(chips):\\2\\",
			"Logical" : "VOUT",
			"Physical" : "N58115"
		},
		{
			"Name" : "R44.2",
			"C_PATH" : "@\\stabilizator_ers_\\.schematic1(sch_1):ins70115@analog.\\r.normal\\(chips):\\2\\",
			"Logical" : "VIN",
			"Physical" : "N58023"
		},
		{
			"Name" : "R46.1",
			"C_PATH" : "@\\stabilizator_ers_\\.schematic1(sch_1):ins78824@analog.\\r.normal\\(chips):\\1\\",
			"Logical" : "VOUT",
			"Physical" : "N58115"
		},
		{
			"Name" : "R49.2",
			"C_PATH" : "@\\stabilizator_ers_\\.schematic1(sch_1):ins89300@analog.\\r.normal\\(chips):\\2\\",
			"Logical" : "VIN",
			"Physical" : "N58023"
		},
		{
			"Name" : "R50.2",
			"C_PATH" : "@\\stabilizator_ers_\\.schematic1(sch_1):ins89334@analog.\\r.normal\\(chips):\\2\\",
			"Logical" : "VIN",
			"Physical" : "N58023"
		}
	]
}
