{
	"Gate Swap" : [],
	"Ref Des" : [],
	"Pin Swap" : [],
	"Component Property" : [],
	"Net Property" : [
		{
			"Name" : "GND",
			"C_PATH" : "@\\stabilizator_ers_\\.schematic1(sch_1):gnd",
			"PropName" : "MIN_LINE_WIDTH",
			"Logical" : null,
			"Physical" : "26 MIL"
		},
		{
			"Name" : "N82125",
			"C_PATH" : "@\\stabilizator_ers_\\.schematic1(sch_1):n82125",
			"PropName" : "MIN_LINE_WIDTH",
			"Logical" : null,
			"Physical" : "18 MIL"
		},
		{
			"Name" : "N82129",
			"C_PATH" : "@\\stabilizator_ers_\\.schematic1(sch_1):n82129",
			"PropName" : "MIN_LINE_WIDTH",
			"Logical" : null,
			"Physical" : "18 MIL"
		},
		{
			"Name" : "N58465",
			"C_PATH" : "@\\stabilizator_ers_\\.schematic1(sch_1):n58465",
			"PropName" : "MIN_LINE_WIDTH",
			"Logical" : null,
			"Physical" : "18 MIL"
		},
		{
			"Name" : "N58103",
			"C_PATH" : "@\\stabilizator_ers_\\.schematic1(sch_1):n58103",
			"PropName" : "MIN_LINE_WIDTH",
			"Logical" : null,
			"Physical" : "18 MIL"
		},
		{
			"Name" : "N58211",
			"C_PATH" : "@\\stabilizator_ers_\\.schematic1(sch_1):n58211",
			"PropName" : "MIN_LINE_WIDTH",
			"Logical" : null,
			"Physical" : "18 MIL"
		},
		{
			"Name" : "N86653",
			"C_PATH" : "@\\stabilizator_ers_\\.schematic1(sch_1):n86653",
			"PropName" : "MIN_LINE_WIDTH",
			"Logical" : null,
			"Physical" : "18 MIL"
		},
		{
			"Name" : "N89354",
			"C_PATH" : "@\\stabilizator_ers_\\.schematic1(sch_1):n89354",
			"PropName" : "MIN_LINE_WIDTH",
			"Logical" : null,
			"Physical" : "18 MIL"
		},
		{
			"Name" : "N89358",
			"C_PATH" : "@\\stabilizator_ers_\\.schematic1(sch_1):n89358",
			"PropName" : "MIN_LINE_WIDTH",
			"Logical" : null,
			"Physical" : "18 MIL"
		},
		{
			"Name" : "N58249",
			"C_PATH" : "@\\stabilizator_ers_\\.schematic1(sch_1):n58249",
			"PropName" : "MIN_LINE_WIDTH",
			"Logical" : null,
			"Physical" : "18 MIL"
		},
		{
			"Name" : "N58485",
			"C_PATH" : "@\\stabilizator_ers_\\.schematic1(sch_1):n58485",
			"PropName" : "MIN_LINE_WIDTH",
			"Logical" : null,
			"Physical" : "18 MIL"
		},
		{
			"Name" : "N58351",
			"C_PATH" : "@\\stabilizator_ers_\\.schematic1(sch_1):n58351",
			"PropName" : "MIN_LINE_WIDTH",
			"Logical" : null,
			"Physical" : "18 MIL"
		},
		{
			"Name" : "N58329",
			"C_PATH" : "@\\stabilizator_ers_\\.schematic1(sch_1):n58329",
			"PropName" : "MIN_LINE_WIDTH",
			"Logical" : null,
			"Physical" : "18 MIL"
		},
		{
			"Name" : "N58691",
			"C_PATH" : "@\\stabilizator_ers_\\.schematic1(sch_1):n58691",
			"PropName" : "MIN_LINE_WIDTH",
			"Logical" : null,
			"Physical" : "18 MIL"
		},
		{
			"Name" : "N58533",
			"C_PATH" : "@\\stabilizator_ers_\\.schematic1(sch_1):n58533",
			"PropName" : "MIN_LINE_WIDTH",
			"Logical" : null,
			"Physical" : "18 MIL"
		},
		{
			"Name" : "N58477",
			"C_PATH" : "@\\stabilizator_ers_\\.schematic1(sch_1):n58477",
			"PropName" : "MIN_LINE_WIDTH",
			"Logical" : null,
			"Physical" : "18 MIL"
		},
		{
			"Name" : "VOUT",
			"C_PATH" : "@\\stabilizator_ers_\\.schematic1(sch_1):vout",
			"PropName" : "MIN_LINE_WIDTH",
			"Logical" : null,
			"Physical" : "16 MIL"
		},
		{
			"Name" : "VIN",
			"C_PATH" : "@\\stabilizator_ers_\\.schematic1(sch_1):vin",
			"PropName" : "MIN_LINE_WIDTH",
			"Logical" : null,
			"Physical" : "16 MIL"
		},
		{
			"Name" : "N58365",
			"C_PATH" : "@\\stabilizator_ers_\\.schematic1(sch_1):n58365",
			"PropName" : "MIN_LINE_WIDTH",
			"Logical" : null,
			"Physical" : "18 MIL"
		},
		{
			"Name" : "N58109",
			"C_PATH" : "@\\stabilizator_ers_\\.schematic1(sch_1):n58109",
			"PropName" : "MIN_LINE_WIDTH",
			"Logical" : null,
			"Physical" : "18 MIL"
		},
		{
			"Name" : "N58707",
			"C_PATH" : "@\\stabilizator_ers_\\.schematic1(sch_1):n58707",
			"PropName" : "MIN_LINE_WIDTH",
			"Logical" : null,
			"Physical" : "18 MIL"
		},
		{
			"Name" : "N58697",
			"C_PATH" : "@\\stabilizator_ers_\\.schematic1(sch_1):n58697",
			"PropName" : "MIN_LINE_WIDTH",
			"Logical" : null,
			"Physical" : "18 MIL"
		},
		{
			"Name" : "N58791",
			"C_PATH" : "@\\stabilizator_ers_\\.schematic1(sch_1):n58791",
			"PropName" : "MIN_LINE_WIDTH",
			"Logical" : null,
			"Physical" : "18 MIL"
		},
		{
			"Name" : "N62642",
			"C_PATH" : "@\\stabilizator_ers_\\.schematic1(sch_1):n62642",
			"PropName" : "MIN_LINE_WIDTH",
			"Logical" : null,
			"Physical" : "18 MIL"
		},
		{
			"Name" : "N64633",
			"C_PATH" : "@\\stabilizator_ers_\\.schematic1(sch_1):n64633",
			"PropName" : "MIN_LINE_WIDTH",
			"Logical" : null,
			"Physical" : "18 MIL"
		},
		{
			"Name" : "N69761",
			"C_PATH" : "@\\stabilizator_ers_\\.schematic1(sch_1):n69761",
			"PropName" : "MIN_LINE_WIDTH",
			"Logical" : null,
			"Physical" : "18 MIL"
		},
		{
			"Name" : "N69952",
			"C_PATH" : "@\\stabilizator_ers_\\.schematic1(sch_1):n69952",
			"PropName" : "MIN_LINE_WIDTH",
			"Logical" : null,
			"Physical" : "18 MIL"
		},
		{
			"Name" : "N69956",
			"C_PATH" : "@\\stabilizator_ers_\\.schematic1(sch_1):n69956",
			"PropName" : "MIN_LINE_WIDTH",
			"Logical" : null,
			"Physical" : "18 MIL"
		},
		{
			"Name" : "N70062",
			"C_PATH" : "@\\stabilizator_ers_\\.schematic1(sch_1):n70062",
			"PropName" : "MIN_LINE_WIDTH",
			"Logical" : null,
			"Physical" : "18 MIL"
		},
		{
			"Name" : "N70066",
			"C_PATH" : "@\\stabilizator_ers_\\.schematic1(sch_1):n70066",
			"PropName" : "MIN_LINE_WIDTH",
			"Logical" : null,
			"Physical" : "18 MIL"
		},
		{
			"Name" : "N70316",
			"C_PATH" : "@\\stabilizator_ers_\\.schematic1(sch_1):n70316",
			"PropName" : "MIN_LINE_WIDTH",
			"Logical" : null,
			"Physical" : "18 MIL"
		},
		{
			"Name" : "N70320",
			"C_PATH" : "@\\stabilizator_ers_\\.schematic1(sch_1):n70320",
			"PropName" : "MIN_LINE_WIDTH",
			"Logical" : null,
			"Physical" : "18 MIL"
		},
		{
			"Name" : "N73472",
			"C_PATH" : "@\\stabilizator_ers_\\.schematic1(sch_1):n73472",
			"PropName" : "MIN_LINE_WIDTH",
			"Logical" : null,
			"Physical" : "18 MIL"
		},
		{
			"Name" : "N78894",
			"C_PATH" : "@\\stabilizator_ers_\\.schematic1(sch_1):n78894",
			"PropName" : "MIN_LINE_WIDTH",
			"Logical" : null,
			"Physical" : "18 MIL"
		}
	],
	"Pin Property" : [],
	"Component" : [],
	"Net" : [],
	"Connection" : []
}
